"/education-abroad/events/russian-tea-russkiy-chay","20"
"/education-career-development/contact/contact-occd","48"
"/education-career-development/russian","1494"
"/global-studies/events/russian-movie-pusskiy-film","39"
"/global-studies/events/russian-tea-russkiy-chay","20"
"/liberal-arts-sciences/events/russian-movie-pusskiy-film","39"
"/liberal-arts-sciences/events/russian-tea-russkiy-chay","20"
"/russian-flagship/events/russian-movie-pusskiy-film","39"
"/russian-flagship/events/russian-tea-russkiy-chay","20"
"/russian-flagship/flagship-student-work","181"
"/russian-flagship/profile/william-comer","13"
"/russian-flagship/student-resources-online","41"
"/world-languages/events/russian-movie-pusskiy-film","39"
"/world-languages/events/russian-tea-russkiy-chay","20"
"/world-languages/profile/william-comer","13"
