"paragraph-8-tiles-call-to-action","0"
"a-day-in-the-life-container","0"
"day-life-event-modal","0"
"paragraph-link-group-6-collage-with-images","0"
"paragraph--view-mode--six-collage-images","0"
"paragraph--type--facebook-feed-block-4-posts","0"
"paragraph-feature-stats","4"
"paragraph-featured-collection","0"
"paragraph-large-hero","15"
"paragraph-link_image_4","33"
"carousel-without-image","0"
"paragraph--type--multiple-display-carousel","0"
"paragraph-multiple-display-container","3"
"paragraph-multiple-lists","0"
"paragraph-twitter-facebook","0"
"paragraph--type--portfolio-featured-galleries","0"
"paragraph-single-display-carousel","0"
"paragraph-facebook-feed-container","0"
"paragraph-twitter-block","2"
"events_circle","0"
"events_horizontal","0"
"events_vertical","0"
"TOTAL PAGES CRAWLED","388"
